{
  "front": {
    "file": "front_view.mp4",
    "fps": 29.97002997002997,
    "rep_indices": {
      "start": 0,
      "bottom": 111,
      "end": 219
    },
    "trajectories": {
      "valgus": [
        0.01470042081284171,
        0.021003201124260556,
        0.02103595648632744,
        0.023894757712395995,
        0.024908673015860226,
        0.02688041759394234,
        0.028064068600976915,
        0.022991591122969633,
        0.015181041462652534,
        0.005335860870731683,
        -0.007888584794632487,
        -0.023712270271214413,
        -0.03031070958917472,
        -0.03169128110502243,
        -0.02631055799491027,
        -0.016873123737962296,
        -0.012817966946195787,
        -0.012329496406152995,
        -0.012187593381126216,
        -0.012210140557148454,
        -0.013578034330867397,
        -0.01684190071267343,
        -0.016675208221772483,
        -0.01835126141385691,
        -0.02189129535561662,
        -0.021763285708878165,
        -0.01964154786730903,
        -0.01849839176138864,
        -0.018150493457730756,
        -0.018120032158667157,
        -0.019943343141430134,
        -0.02243919646952289,
        -0.021264336105761183,
        -0.015417935607220951,
        -0.009045794745909535,
        -0.007813259116120857,
        -0.007205285668242109,
        -0.002207198118129498,
        -0.0002773082706089172,
        -0.0007580870005532544,
        -0.0038930946534924938,
        -0.007030534454963231,
        -0.006051485023027721,
        -0.0009567784563012296,
        0.003348975684882599,
        0.007006566031831282,
        0.008164260919028577,
        0.009441174292968,
        0.014588429455046516,
        0.021854558603634007,
        0.02622116858563916,
        0.026960831578009624,
        0.0278835733595794,
        0.027171764232523998,
        0.026808885295786723,
        0.025099260822191844,
        0.022231803754198153,
        0.0195683214880418,
        0.013675063616113111,
        0.006099520026046493
      ],
      "symmetry": [
        -0.005161403916550933,
        -0.02792221408636763,
        -0.03710668677720366,
        -0.023569804074306647,
        0.001694217997307951,
        0.058775379258785135,
        0.18641302421051797,
        0.31950965594503716,
        0.4351072053392354,
        0.5031673634970845,
        0.5800975601381851,
        0.6852797500015269,
        0.7485058333911302,
        0.7872888812160642,
        0.8546690279285359,
        0.9238867415122951,
        0.9482711087523785,
        0.9616277161369572,
        0.9697562121396325,
        0.9574774317382416,
        0.9436899781469688,
        0.9353059576654974,
        0.9416163343397617,
        0.9464663497832208,
        0.9650129843692236,
        0.9773626095825083,
        0.9675580812354391,
        0.9460356170334775,
        0.9311842453460378,
        0.9198867282846354,
        0.9185796121881524,
        0.9087836421392761,
        0.8942345635838839,
        0.9056183343708333,
        0.9232803917008668,
        0.9372137015350591,
        0.9304019886811179,
        0.9311389377920365,
        0.940344811591008,
        0.9311830932836551,
        0.8944396161505886,
        0.8427217546637804,
        0.7799695269445498,
        0.726280698804716,
        0.6689311198936236,
        0.5969302525809639,
        0.5265496785544183,
        0.4375637003886698,
        0.34384903906724446,
        0.2566401567556651,
        0.20833892757459074,
        0.16366717859028904,
        0.13458630064789015,
        0.10355518212399316,
        0.07939062566894235,
        0.05816039608483158,
        0.04588043487332727,
        0.03524103922881379,
        0.008065721112579652,
        -0.007990655689082839
      ],
      "pelvic": [
        0.0011224329471588134,
        0.0010508178654363598,
        0.0009351901078628282,
        0.0008565964335102146,
        0.000833302635257527,
        0.002199244600231365,
        0.0038496629666473904,
        0.003908386877027609,
        0.004039497294668424,
        0.0038222498812917937,
        0.004302820714853578,
        0.004852698415012684,
        0.00546397496077974,
        0.005843998011896167,
        0.0058894533222004514,
        0.006006116988295216,
        0.007582506082825743,
        0.008346172914666645,
        0.008569545665029753,
        0.008864417318570413,
        0.008981199991905085,
        0.008725429995585296,
        0.008240577325982561,
        0.007395369521642135,
        0.006663725133669576,
        0.005483900490453688,
        0.004814650446681653,
        0.0044036091384241135,
        0.004090374607150837,
        0.004586160385002527,
        0.00520099765163357,
        0.005186573125548282,
        0.00461156469280437,
        0.0051883588402958205,
        0.006531571533720373,
        0.005390659833358505,
        0.0050430017002558334,
        0.005181236994468557,
        0.004486613354440462,
        0.004711676654169119,
        0.004055168871152197,
        0.002917218612412275,
        0.0030629263085834055,
        0.002737516063754844,
        0.0019975993592860333,
        0.002788173546225337,
        0.0024092678296363953,
        0.002150630142729161,
        0.0031851740206702344,
        0.004260573750835358,
        0.004076588355888753,
        0.002668802616959905,
        0.0026430915977995314,
        0.0028560670755677264,
        0.0022062716847759158,
        0.001905427645828764,
        0.0014545066881987982,
        0.0008812055749408269,
        0.000928101701251532,
        0.0006342887878417969
      ],
      "depth": [
        0.29752632677555085,
        0.4964984455856226,
        0.4969232712256707,
        0.49708263323468677,
        0.49722831804873574,
        0.4989681949554864,
        0.5070358566308426,
        0.5191695031473191,
        0.5364619491464001,
        0.5486595295243344,
        0.5594212409803423,
        0.5724532793133946,
        0.5859162224551379,
        0.5976987522537426,
        0.6087717145176258,
        0.6196193237425918,
        0.6326217251308894,
        0.6442629585831852,
        0.6559164707943544,
        0.6649160568997011,
        0.6733302082045604,
        0.6808680024187443,
        0.6876256732617395,
        0.6925577661748661,
        0.6962595831539672,
        0.7005824095111782,
        0.7058312829268181,
        0.7114082828416664,
        0.7135830438743205,
        0.7147995726536897,
        0.7155558346691778,
        0.71430022272013,
        0.7024460690506434,
        0.684210542703079,
        0.6710480285903155,
        0.6574618531485735,
        0.64208303780879,
        0.6275914420515805,
        0.6153787558361635,
        0.6034877614449646,
        0.5909067472158852,
        0.5794838931600926,
        0.5698137271202217,
        0.5615471031706213,
        0.5546787643836717,
        0.5473644242448321,
        0.5371696993456049,
        0.5274586117873757,
        0.5182478567301216,
        0.5132480753680407,
        0.5092569674475719,
        0.5040966733027313,
        0.5026127559653782,
        0.5013776199292328,
        0.5007692755784019,
        0.5007066200850373,
        0.500696702629833,
        0.5010435278132811,
        0.5015634758997772,
        0.3011853575706482
      ]
    }
  },
  "side": {
    "file": "side_view.mp4",
    "fps": 30.0,
    "rep_indices": {
      "start": 0,
      "bottom": 111,
      "end": 139
    },