{
  "athlete": "Coach X",
  "clips": [
    {
      "file": "coach_squat_01.mp4",
      "fps": 30.0,
      "n_frames": 470,
      "summary": {
        "knee_top": 162.4657869394208,
        "knee_bottom": 141.86348648229907,
        "targets": {
          "Top": {
            "knee": 149.14638198912493,
            "hip": 115.60700421187641,
            "torso": 35.801353370963604
          },
          "Bottom": {
            "knee": 141.91954602838757,
            "hip": 119.65887325163047,
            "torso": 38.934086668967225
          },
          "Down": {
            "knee": 74.41099414501825,
            "hip": 69.52432337956168,
            "torso": 45.57300299335451
          },
          "Up": {
            "knee": 116.27929867273755,
            "hip": 83.18984667095317,
            "torso": 47.349709913934234
          }
        }
      }
    },
    {
      "file": "coach_squat_02.mp4",
      "fps": 23.976025812135415,
      "n_frames": 2456,
      "summary": {
        "knee_top": 171.22775695920183,
        "knee_bottom": 112.48297008701954,
        "targets": {
          "Top": {
            "knee": 179.37953508497964,
            "hip": 171.4050494621247,
            "torso": 4.920557023876328
          },
          "Bottom": {
            "knee": 111.6042308997079,
            "hip": 107.34621919448688,
            "torso": 19.325902456317174
          },
          "Down": {
            "knee": 178.82140231828802,
            "hip": 173.8755735979757,
            "torso": 5.114363605264967
          },
          "Up": {
            "knee": 179.1595202294759,
            "hip": 174.10814759985882,
            "torso": 5.072492286504116
          }
        }
      }
    },
    {
      "file": "coach_squat_03.mp4",
      "fps": 25.0,
      "n_frames": 325,
      "summary": {
        "knee_top": 141.18323268918766,
        "knee_bottom": 116.25686639928867,
        "targets": {
          "Top": {
            "knee": 162.66593921499938,
            "hip": 164.09331915712514,
            "torso": 4.577187903906324
          },
          "Bottom": {
            "knee": 104.73975228158669,
            "hip": 86.34906303683753,
            "torso": 26.985016437674346
          },
          "Down": {
            "knee": 114.91961009610691,
            "hip": 101.3931182288014,
            "torso": 24.31446613090029
          },
          "Up": {
            "knee": 132.44342911034084,
            "hip": 124.78599702313589,
            "torso": 21.752938681483062
          }
        }
      }
    },
    {
      "file": "coach_squat_04.mp4",
      "fps": 23.976031403025317,
      "n_frames": 1014,
      "summary": {
        "knee_top": 157.1255312638032,
        "knee_bottom": 85.35296508184098,
        "targets": {
          "Top": {
            "knee": 175.51151857560026,
            "hip": 174.5184513645408,
            "torso": 4.0752711970941125
          },
          "Bottom": {
            "knee": 108.47646320734327,
            "hip": 118.6058432786633,
            "torso": 31.495794883302022
          },
          "Down": {
            "knee": 176.75032689447218,
            "hip": 175.53038879999318,
            "torso": 4.995929152517498
          },
          "Up": {
            "knee": 176.16301095712615,
            "hip": 175.41947235668664,
            "torso": 3.535307485946136
          }
        }
      }
    },
    {
      "file": "coach_squat_05.mp4",
      "fps": 25.0,
      "n_frames": 744,
      "summary": {
        "knee_top": 179.81764823010343,
        "knee_bottom": 163.87207940865233,
        "targets": {
          "Top": {
            "knee": null,
            "hip": null,
            "torso": null
          },
          "Bottom": {
            "knee": 178.1379446035369,
            "hip": 170.8808966517225,
            "torso": 5.448304762586081
          },
          "Down": {
            "knee": 178.40523484700228,
            "hip": 176.48021076940773,
            "torso": 2.012890538659007
          },
          "Up": {
            "knee": 178.5879640703959,
            "hip": 176.1383214641568,
            "torso": 2.0069865444542936
          }
        }
      }
    },
    {
      "file": "coach_squat_06.mp4",
      "fps": 23.97602811640013,
      "n_frames": 1041,
      "summary": {
        "knee_top": 177.26491181768736,
        "knee_bottom": 168.54861618077987,
        "targets": {
          "Top": {
            "knee": 178.54944508322848,
            "hip": 176.98076233426144,
            "torso": 2.8550543013850187
          },
          "Bottom": {
            "knee": 141.6356084202256,
            "hip": 140.38061632993833,
            "torso": 11.405989810814834
          },
          "Down": {
            "knee": 178.16028724165295,
            "hip": 172.6294029737773,
            "torso": 3.5891043224093075
          },
          "Up": {
            "knee": 177.84319021716385,
            "hip": 172.70326322936296,
            "torso": 3.4299904019368466
          }
        }
      }
    }
  ],
  "aggregate": {
    "knee_top": 166.84677194931132,
    "knee_bottom": 129.06017644079387,
    "targets": {
      "Top": {
        "knee": 175.51151857560026,
        "hip": 171.4050494621247,
        "torso": 4.577187903906324
      },
      "Bottom": {
        "knee": 126.61991965996674,
        "hip": 119.13235826514688,
        "torso": 23.15545944699576
      },
      "Down": {
        "knee": 177.45530706806255,
        "hip": 173.2524882858765,
        "torso": 5.055146378891232
      },
      "Up": {
        "knee": 177.003100587145,
        "hip": 173.4057054146109,
        "torso": 4.3038998862251265
      }
    }
  }
}