{
  "athlete": "Coach X",
  "clips": [
    {
      "file": "coach_front_01.mp4",
      "fps": 23.97602649067746,
      "n_frames": 1759,
      "summary": {
        "knee_top": 176.4564759822055,
        "knee_bottom": 155.9337945414812,
        "targets": {
          "Top": {
            "knee": 178.49137588815427,
            "hip": 176.50027151746394,
            "torso": 7.63628082825039
          },
          "Bottom": {
            "knee": 169.17357231849076,
            "hip": 176.49828396374605,
            "torso": 7.830474953780247
          },
          "Down": {
            "knee": 178.78670584097216,
            "hip": 176.15625490212153,
            "torso": 7.492003312702298
          },
          "Up": {
            "knee": 178.87477667409604,
            "hip": 176.1327831226265,
            "torso": 7.450171602192737
          }
        }
      }
    },
    {
      "file": "coach_front_02.mp4",
      "fps": 23.976028504682784,
      "n_frames": 1616,
      "summary": {
        "knee_top": 177.47838118898747,
        "knee_bottom": 92.6537077527064,
        "targets": {
          "Top": {
            "knee": 174.80097465305624,
            "hip": 175.33017716570112,
            "torso": 3.7098477421653238
          },
          "Bottom": {
            "knee": 100.2484731408676,
            "hip": 95.7308722813127,
            "torso": 6.595070184239581
          },
          "Down": {
            "knee": 177.08073363336968,
            "hip": 171.40896330401716,
            "torso": 3.2395847113563123
          },
          "Up": {
            "knee": 177.93054596362592,
            "hip": 170.9194274949027,
            "torso": 3.391952324371181
          }
        }
      }
    },
    {
      "file": "coach_front_03.mp4",
      "fps": 29.97002997002997,
      "n_frames": 220,
      "summary": {
        "knee_top": 179.5867312312225,
        "knee_bottom": 179.08301995379568,
        "targets": {
          "Top": {
            "knee": 179.43987381913914,
            "hip": 171.44328261201682,
            "torso": 3.101003016689032
          },
          "Bottom": {
            "knee": 179.05355658435678,
            "hip": 172.71945446205044,
            "torso": 2.986939308207975
          },
          "Down": {
            "knee": 152.95517222506894,
            "hip": 153.1939523594921,
            "torso": 4.805028687869346
          },
          "Up": {
            "knee": 167.37732863485382,
            "hip": 165.6919711654681,
            "torso": 3.1987491062081848
          }
        }
      }
    },
    {
      "file": "coach_front_04.mp4",
      "fps": 24.0,
      "n_frames": 4139,
      "summary": {
        "knee_top": 179.54276085796636,
        "knee_bottom": 112.21887284910338,
        "targets": {
          "Top": {
            "knee": 179.60698313878407,
            "hip": 174.4228218415938,
            "torso": 4.818601290369262
          },
          "Bottom": {
            "knee": 121.8287301768342,
            "hip": 119.03174610003568,
            "torso": 7.552982032180316
          },
          "Down": {
            "knee": 175.64774730549084,
            "hip": 171.87310218623418,
            "torso": 4.1152477823356985
          },
          "Up": {
            "knee": 176.34958096143663,
            "hip": 172.4559528455572,
            "torso": 4.040684937394149
          }
        }
      }
    },
    {
      "file": "coach_front_05.mp4",
      "fps": 29.97002997002997,
      "n_frames": 5037,
      "summary": {
        "knee_top": 143.239238765054,
        "knee_bottom": 114.57418423454806,
        "targets": {
          "Top": {
            "knee": 142.19055955813863,
            "hip": 131.36768717063543,
            "torso": 5.100932685345964
          },
          "Bottom": {
            "knee": 127.26868682517953,
            "hip": 119.99818171035237,
            "torso": 5.550550356516618
          },
          "Down": {
            "knee": 175.01003305560644,
            "hip": 163.29637730246543,
            "torso": 3.968991456424007
          },
          "Up": {
            "knee": 176.02425349491136,
            "hip": 164.22948800997526,
            "torso": 3.6952278624951087
          }
        }
      }
    }
  ],
  "aggregate": {
    "knee_top": 177.47838118898747,
    "knee_bottom": 114.57418423454806,
    "targets": {
      "Top": {
        "knee": 178.49137588815427,
        "hip": 174.4228218415938,
        "torso": 4.818601290369262
      },
      "Bottom": {
        "knee": 127.26868682517953,
        "hip": 119.99818171035237,
        "torso": 6.595070184239581
      },
      "Down": {
        "knee": 175.64774730549084,
        "hip": 171.40896330401716,
        "torso": 4.1152477823356985
      },
      "Up": {
        "knee": 176.34958096143663,
        "hip": 170.9194274949027,
        "torso": 3.6952278624951087
      }
    }
  }
}