{
  "athlete": "Coach X",
  "clips": [
    {
      "file": "coach_squat_01.mp4",
      "fps": 30.0,
      "n_frames": 470,
      "summary": {
        "knee_top": 162.44289144078488,
        "knee_bottom": 92.19149889558801,
        "targets": {
          "Top": {
            "knee": 148.1683432697222,
            "hip": 115.99508098279023,
            "torso": 35.785264845147715
          },
          "Bottom": {
            "knee": 56.43023102885127,
            "hip": 49.473020199625985,
            "torso": 50.722507659012926
          },
          "Down": {
            "knee": 85.5897270119249,
            "hip": 74.18974611527699,
            "torso": 42.66898266248016
          },
          "Up": {
            "knee": 112.4063413533424,
            "hip": 81.7381053537942,
            "torso": 47.64974407925911
          }
        }
      }
    },
    {
      "file": "coach_squat_02.mp4",
      "fps": 23.976025812135415,
      "n_frames": 2456,
      "summary": {
        "knee_top": 171.566618018699,
        "knee_bottom": 112.49552461699969,
        "targets": {
          "Top": {
            "knee": 179.53877404820668,
            "hip": 171.51558907597976,
            "torso": 4.836712612990398
          },
          "Bottom": {
            "knee": 118.45425907678565,
            "hip": 107.3128028945636,
            "torso": 19.277215792088036
          },
          "Down": {
            "knee": 178.81032728788983,
            "hip": 173.78302187629302,
            "torso": 5.135295631840259
          },
          "Up": {
            "knee": 179.05037509071667,
            "hip": 174.13505077029578,
            "torso": 5.070313353846608
          }
        }
      }
    },
    {
      "file": "coach_squat_03.mp4",
      "fps": 25.0,
      "n_frames": 325,
      "summary": {
        "knee_top": 141.14640777596463,
        "knee_bottom": 115.50574441837863,
        "targets": {
          "Top": {
            "knee": 163.51029689186362,
            "hip": 166.06977482265512,
            "torso": 4.299865027617513
          },
          "Bottom": {
            "knee": 105.43607657351927,
            "hip": 88.2912711915954,
            "torso": 26.592210632116032
          },
          "Down": {
            "knee": 113.70372705482586,
            "hip": 100.02985741750659,
            "torso": 24.78231484197007
          },
          "Up": {
            "knee": 133.90790986518954,
            "hip": 128.61782000077073,
            "torso": 20.208924795441927
          }
        }
      }
    },
    {
      "file": "coach_squat_04.mp4",
      "fps": 23.976031403025317,
      "n_frames": 1016,
      "summary": {
        "knee_top": 148.98427545194988,
        "knee_bottom": 83.98709419702413,
        "targets": {
          "Top": {
            "knee": 175.71934697703782,
            "hip": 174.7990930701719,
            "torso": 4.153440700861416
          },
          "Bottom": {
            "knee": 91.71302548231128,
            "hip": 88.65867586017882,
            "torso": 31.52620636631744
          },
          "Down": {
            "knee": 176.65605291979986,
            "hip": 175.48773588230512,
            "torso": 4.978366695066626
          },
          "Up": {
            "knee": 176.49719469241876,
            "hip": 175.72459863537551,
            "torso": 3.3397968115631893
          }
        }
      }
    },
    {
      "file": "coach_squat_05.mp4",
      "fps": 25.0,
      "n_frames": 744,
      "summary": {
        "knee_top": 179.8932651278681,
        "knee_bottom": 163.86784339394,
        "targets": {
          "Top": {
            "knee": null,
            "hip": null,
            "torso": null
          },
          "Bottom": {
            "knee": 178.12827374700862,
            "hip": 170.8948523039641,
            "torso": 5.43044699226777
          },
          "Down": {
            "knee": 178.43463416254195,
            "hip": 176.50924396453195,
            "torso": 2.0159803770967866
          },
          "Up": {
            "knee": 178.5549120795551,
            "hip": 176.14457475413082,
            "torso": 2.0028763714900895
          }
        }
      }
    }
  ],
  "aggregate": {
    "knee_top": 162.44289144078488,
    "knee_bottom": 112.49552461699969,
    "targets": {
      "Top": {
        "knee": 169.61482193445073,
        "hip": 168.79268194931745,
        "torso": 4.568288820303955
      },
      "Bottom": {
        "knee": 105.43607657351927,
        "hip": 88.65867586017882,
        "torso": 26.592210632116032
      },
      "Down": {
        "knee": 176.65605291979986,
        "hip": 173.78302187629302,
        "torso": 5.135295631840259
      },
      "Up": {
        "knee": 176.49719469241876,
        "hip": 174.13505077029578,
        "torso": 5.070313353846608
      }
    }
  }
}