{
  "athlete": "Coach X",
  "clips": [
    {
      "file": "coach_squat_01.mp4",
      "fps": 30.0,
      "n_frames": 470,
      "summary": {
        "knee_top": 149.20590721588084,
        "knee_bottom": 41.478501758410765,
        "targets": {
          "Top": {
            "knee": 149.4336515379335,
            "hip": 133.55426367451994,
            "torso": 29.808680404348387
          },
          "Bottom": {
            "knee": 39.09963387153221,
            "hip": 35.47495696671595,
            "torso": 54.553912801244415
          },
          "Down": {
            "knee": 106.18063834335905,
            "hip": 88.02372845858898,
            "torso": 40.520433749020356
          },
          "Up": {
            "knee": 98.57273142582444,
            "hip": 73.79375175045033,
            "torso": 48.44754802178556
          }
        }
      }
    },
    {
      "file": "coach_squat_02.mp4",
      "fps": 23.976025812135415,
      "n_frames": 2456,
      "summary": {
        "knee_top": 179.78048887168995,
        "knee_bottom": 155.6476182051862,
        "targets": {
          "Top": {
            "knee": 179.28150105533862,
            "hip": 174.27941458034866,
            "torso": 4.928657173584047
          },
          "Bottom": {
            "knee": 106.62442743631831,
            "hip": 100.10583546025728,
            "torso": 18.296030538197687
          },
          "Down": {
            "knee": 171.55257910587986,
            "hip": 168.39015263169176,
            "torso": 4.942630758859798
          },
          "Up": {
            "knee": 169.856666017144,
            "hip": 167.43447341693798,
            "torso": 6.148607866822009
          }
        }
      }
    },
    {
      "file": "coach_squat_03.mp4",
      "fps": 25.0,
      "n_frames": 325,
      "summary": {
        "knee_top": 170.73444491732758,
        "knee_bottom": 97.41911768585682,
        "targets": {
          "Top": {
            "knee": 173.7177089359408,
            "hip": 178.28670057508188,
            "torso": 1.5693388346344341
          },
          "Bottom": {
            "knee": 96.20624841815152,
            "hip": 82.50793661903799,
            "torso": 28.37218423054967
          },
          "Down": {
            "knee": 123.8023474655809,
            "hip": 117.15143959207283,
            "torso": 21.101135033606
          },
          "Up": {
            "knee": 127.61359931765921,
            "hip": 114.15160124265523,
            "torso": 21.82258924111782
          }
        }
      }
    },
    {
      "file": "coach_squat_04.mp4",
      "fps": 23.976031403025317,
      "n_frames": 1016,
      "summary": {
        "knee_top": 178.96122062992646,
        "knee_bottom": 94.5110628296583,
        "targets": {
          "Top": {
            "knee": 178.2608067235794,
            "hip": 176.22609523911163,
            "torso": 4.496362812346288
          },
          "Bottom": {
            "knee": 81.17809173312696,
            "hip": 72.88170053655583,
            "torso": 30.00635456544173
          },
          "Down": {
            "knee": 164.68069387104106,
            "hip": 167.66860938519937,
            "torso": 4.393974657728017
          },
          "Up": {
            "knee": 166.71616226557083,
            "hip": 169.9317087365872,
            "torso": 4.57985492642504
          }
        }
      }
    },
    {
      "file": "coach_squat_05.mp4",
      "fps": 25.0,
      "n_frames": 744,
      "summary": {
        "knee_top": 179.5046341212787,
        "knee_bottom": 169.90504579283188,
        "targets": {
          "Top": {
            "knee": 178.86892120052633,
            "hip": 177.9155721096203,
            "torso": 1.3294635611160626
          },
          "Bottom": {
            "knee": 136.3255749206959,
            "hip": 127.01060090816364,
            "torso": 18.860021949062983
          },
          "Down": {
            "knee": 175.50817823072953,
            "hip": 172.26166512445315,
            "torso": 4.086415231768088
          },
          "Up": {
            "knee": 175.38591575889032,
            "hip": 171.2639598836824,
            "torso": 3.6586855041749025
          }
        }
      }
    }
  ],
  "aggregate": {
    "knee_top": 178.96122062992646,
    "knee_bottom": 97.41911768585682,
    "targets": {
      "Top": {
        "knee": 178.2608067235794,
        "hip": 176.22609523911163,
        "torso": 4.496362812346288
      },
      "Bottom": {
        "knee": 96.20624841815152,
        "hip": 82.50793661903799,
        "torso": 28.37218423054967
      },
      "Down": {
        "knee": 164.68069387104106,
        "hip": 167.66860938519937,
        "torso": 4.942630758859798
      },
      "Up": {
        "knee": 166.71616226557083,
        "hip": 167.43447341693798,
        "torso": 6.148607866822009
      }
    }
  }
}